timestamp,symbol,open,high,low,close,volume
2025-11-17 09:30:00,TSLA,268.31,268.51,267.95,268.07,1609
2025-11-17 09:31:00,TSLA,268.94,269.11,268.28,269.04,4809
2025-11-17 09:32:00,TSLA,267.7,267.94,267.69,267.92,1997
2025-11-17 09:33:00,TSLA,268.45,268.64,268.0,268.56,3461
2025-11-17 09:34:00,TSLA,269.01,269.57,268.21,269.23,4003
2025-11-17 09:35:00,TSLA,267.73,268.3,267.12,267.52,1249
2025-11-17 09:36:00,TSLA,265.4,265.48,264.81,264.92,3299
2025-11-17 09:37:00,TSLA,264.12,264.72,263.17,263.93,984
2025-11-17 09:38:00,TSLA,264.13,264.75,263.18,263.73,4507
2025-11-17 09:39:00,TSLA,264.18,264.48,263.22,264.46,4611
2025-11-17 09:40:00,TSLA,264.67,265.47,264.44,264.5,1359
2025-11-17 09:41:00,TSLA,264.02,264.81,263.26,263.73,3765
2025-11-17 09:42:00,TSLA,265.47,265.74,264.99,265.5,737
2025-11-17 09:43:00,TSLA,264.21,264.53,263.58,263.95,2570
2025-11-17 09:44:00,TSLA,266.0,266.84,265.44,265.73,1810
2025-11-17 09:45:00,TSLA,265.33,265.38,264.34,265.13,3878
2025-11-17 09:46:00,TSLA,264.62,265.52,264.19,265.0,3571
2025-11-17 09:47:00,TSLA,265.26,265.83,264.79,265.41,793
2025-11-17 09:48:00,TSLA,264.45,265.26,263.54,264.41,1683
2025-11-17 09:49:00,TSLA,265.2,265.29,264.9,264.91,4459
2025-11-17 09:50:00,TSLA,266.89,267.33,266.83,266.84,1628
2025-11-17 09:51:00,TSLA,265.6,266.59,265.12,266.04,3176
2025-11-17 09:52:00,TSLA,265.29,265.41,264.46,265.01,2165
2025-11-17 09:53:00,TSLA,264.37,265.19,263.78,264.98,2653
2025-11-17 09:54:00,TSLA,265.77,266.06,265.18,265.62,4635
2025-11-17 09:55:00,TSLA,265.25,265.28,264.61,264.95,3647
2025-11-17 09:56:00,TSLA,265.97,266.72,265.74,266.26,3019
2025-11-17 09:57:00,TSLA,266.39,266.65,266.06,266.56,4068
2025-11-17 09:58:00,TSLA,266.42,266.48,265.75,265.99,2824
2025-11-17 09:59:00,TSLA,266.83,267.48,266.18,266.83,1485
2025-11-17 10:00:00,TSLA,269.78,270.63,269.16,270.27,3007
2025-11-17 10:01:00,TSLA,269.02,269.7,268.89,269.42,2485
2025-11-17 10:02:00,TSLA,267.9,268.02,267.76,267.8,1979
2025-11-17 10:03:00,TSLA,265.97,265.99,265.41,265.78,1475
2025-11-17 10:04:00,TSLA,266.63,266.76,265.77,266.17,2112
2025-11-17 10:05:00,TSLA,264.6,264.99,263.89,264.95,2752
2025-11-17 10:06:00,TSLA,264.06,264.45,263.26,263.6,4014
2025-11-17 10:07:00,TSLA,264.79,264.9,263.92,264.6,3429
2025-11-17 10:08:00,TSLA,264.68,265.21,264.56,265.15,2162
2025-11-17 10:09:00,TSLA,264.97,265.12,264.44,264.62,3176
2025-11-17 10:10:00,TSLA,264.96,265.69,264.37,264.49,2005
2025-11-17 10:11:00,TSLA,265.03,265.3,264.39,264.62,2612
2025-11-17 10:12:00,TSLA,264.79,265.58,264.74,264.81,3393
2025-11-17 10:13:00,TSLA,266.88,267.27,266.6,267.03,1136
2025-11-17 10:14:00,TSLA,265.91,266.2,265.69,265.71,1332
2025-11-17 10:15:00,TSLA,266.57,267.35,266.17,266.5,1407
2025-11-17 10:16:00,TSLA,269.69,270.27,268.8,268.8,627
2025-11-17 10:17:00,TSLA,267.94,268.91,267.59,268.23,4150
2025-11-17 10:18:00,TSLA,267.65,267.77,266.85,267.0,4767
2025-11-17 10:19:00,TSLA,267.84,268.65,267.39,267.6,4570
2025-11-17 10:20:00,TSLA,266.84,266.97,265.95,266.8,1073
2025-11-17 10:21:00,TSLA,266.84,267.42,266.04,267.06,830
2025-11-17 10:22:00,TSLA,268.76,269.55,267.82,268.07,1928
2025-11-17 10:23:00,TSLA,268.8,268.95,268.0,268.4,2133
2025-11-17 10:24:00,TSLA,266.56,266.75,266.37,266.5,2967
2025-11-17 10:25:00,TSLA,267.55,268.38,267.07,267.15,1309
2025-11-17 10:26:00,TSLA,268.75,269.42,268.11,269.1,4449
2025-11-17 10:27:00,TSLA,267.59,267.86,267.03,267.69,3918
2025-11-17 10:28:00,TSLA,266.51,266.75,265.95,265.99,3670
2025-11-17 10:29:00,TSLA,266.53,266.75,265.95,266.02,3355
2025-11-17 10:30:00,TSLA,267.17,267.86,266.18,266.7,4447
2025-11-17 10:31:00,TSLA,267.02,267.86,266.24,266.24,2126
2025-11-17 10:32:00,TSLA,266.28,266.64,265.35,266.59,1449
2025-11-17 10:33:00,TSLA,267.39,267.56,267.19,267.37,3146
2025-11-17 10:34:00,TSLA,267.41,268.31,267.19,267.37,2182
2025-11-17 10:35:00,TSLA,268.63,269.61,268.23,268.79,1868
2025-11-17 10:36:00,TSLA,268.83,269.1,268.21,268.43,2857
2025-11-17 10:37:00,TSLA,267.22,268.2,266.84,268.18,1444
2025-11-17 10:38:00,TSLA,267.52,268.05,267.46,267.54,3948
2025-11-17 10:39:00,TSLA,267.72,268.01,267.69,267.74,2151
2025-11-17 10:40:00,TSLA,266.95,267.19,266.57,267.02,3633
2025-11-17 10:41:00,TSLA,267.82,268.25,267.48,267.6,4814
2025-11-17 10:42:00,TSLA,267.24,268.19,266.37,267.12,4997
2025-11-17 10:43:00,TSLA,268.29,269.2,268.03,268.91,3653
2025-11-17 10:44:00,TSLA,268.72,269.13,268.28,268.94,978
2025-11-17 10:45:00,TSLA,269.25,269.52,269.14,269.34,1029
2025-11-17 10:46:00,TSLA,270.03,270.52,269.7,270.12,2057
2025-11-17 10:47:00,TSLA,270.06,270.66,269.25,269.76,4462
2025-11-17 10:48:00,TSLA,270.54,270.82,269.62,269.89,2613
2025-11-17 10:49:00,TSLA,270.1,271.02,269.89,270.71,824
2025-11-17 10:50:00,TSLA,271.37,272.28,271.13,272.23,882
2025-11-17 10:51:00,TSLA,271.76,272.37,271.42,271.8,988
2025-11-17 10:52:00,TSLA,270.92,271.68,270.91,271.06,2153
2025-11-17 10:53:00,TSLA,271.49,271.94,270.62,271.85,2939
2025-11-17 10:54:00,TSLA,271.3,271.49,270.79,271.42,4605
2025-11-17 10:55:00,TSLA,270.79,271.23,269.99,270.7,1365
2025-11-17 10:56:00,TSLA,270.52,271.22,269.65,271.04,3497
2025-11-17 10:57:00,TSLA,273.4,273.96,272.46,273.77,733
2025-11-17 10:58:00,TSLA,274.86,275.71,274.84,274.87,957
2025-11-17 10:59:00,TSLA,274.34,274.77,273.83,274.64,3196
2025-11-17 11:00:00,TSLA,275.73,276.02,275.19,275.79,3797
2025-11-17 11:01:00,TSLA,275.97,276.1,274.99,275.1,2856
2025-11-17 11:02:00,TSLA,273.24,273.64,272.87,273.2,3610
2025-11-17 11:03:00,TSLA,272.24,272.47,272.01,272.22,2325
2025-11-17 11:04:00,TSLA,273.08,273.33,272.5,272.73,604
2025-11-17 11:05:00,TSLA,272.28,272.72,272.22,272.41,2694
2025-11-17 11:06:00,TSLA,270.22,270.55,270.0,270.31,4399
2025-11-17 11:07:00,TSLA,270.26,270.6,269.54,269.94,2999
2025-11-17 11:08:00,TSLA,269.3,269.89,268.99,269.19,2634
2025-11-17 11:09:00,TSLA,270.51,270.64,269.55,269.84,2315
2025-11-17 11:10:00,TSLA,268.76,269.61,268.09,268.88,1571
2025-11-17 11:11:00,TSLA,267.69,267.87,267.39,267.68,1128
2025-11-17 11:12:00,TSLA,268.09,268.32,267.21,267.79,3102
2025-11-17 11:13:00,TSLA,268.17,269.11,267.61,268.12,2311
2025-11-17 11:14:00,TSLA,266.43,267.15,266.31,266.58,1022
2025-11-17 11:15:00,TSLA,267.99,268.38,267.36,267.93,2077
2025-11-17 11:16:00,TSLA,269.23,269.49,269.08,269.35,2902
2025-11-17 11:17:00,TSLA,266.96,267.25,266.7,266.75,1116
2025-11-17 11:18:00,TSLA,265.16,265.41,264.54,265.19,3710
2025-11-17 11:19:00,TSLA,264.67,265.03,264.33,264.7,2435
2025-11-17 11:20:00,TSLA,264.72,265.0,264.68,264.69,1201
2025-11-17 11:21:00,TSLA,263.68,264.47,263.04,264.38,2924
2025-11-17 11:22:00,TSLA,265.25,265.75,265.12,265.51,764
2025-11-17 11:23:00,TSLA,266.83,267.56,266.81,267.42,3130
2025-11-17 11:24:00,TSLA,267.95,268.57,267.78,268.28,1258
2025-11-17 11:25:00,TSLA,269.1,269.48,269.01,269.46,1403
2025-11-17 11:26:00,TSLA,269.32,270.3,269.27,269.9,2693
2025-11-17 11:27:00,TSLA,269.29,270.15,268.4,268.94,2850
2025-11-17 11:28:00,TSLA,269.36,269.37,269.06,269.34,3352
2025-11-17 11:29:00,TSLA,269.44,269.8,268.74,269.57,3708
2025-11-17 11:30:00,TSLA,267.13,267.81,266.64,266.72,2475
2025-11-17 11:31:00,TSLA,267.27,268.03,266.85,268.01,1329
2025-11-17 11:32:00,TSLA,268.96,269.34,268.09,268.32,4223
2025-11-17 11:33:00,TSLA,268.17,268.93,267.87,268.49,3226
2025-11-17 11:34:00,TSLA,269.84,269.91,268.94,269.39,3947
2025-11-17 11:35:00,TSLA,269.85,270.29,269.03,269.31,3026
2025-11-17 11:36:00,TSLA,269.12,269.36,268.78,269.23,4896
2025-11-17 11:37:00,TSLA,269.24,270.22,268.99,269.94,1152
2025-11-17 11:38:00,TSLA,269.36,269.88,268.96,269.24,4688
2025-11-17 11:39:00,TSLA,269.96,270.77,269.48,270.42,1498
2025-11-17 11:40:00,TSLA,271.09,271.6,270.89,271.48,3832
2025-11-17 11:41:00,TSLA,272.46,273.42,271.76,272.49,638
2025-11-17 11:42:00,TSLA,272.0,272.77,271.84,272.76,574
2025-11-17 11:43:00,TSLA,273.44,274.03,273.04,273.06,1328
2025-11-17 11:44:00,TSLA,271.97,272.47,271.35,271.35,2152
2025-11-17 11:45:00,TSLA,272.13,272.76,271.87,272.27,1997
2025-11-17 11:46:00,TSLA,271.97,272.0,271.25,271.55,4019
2025-11-17 11:47:00,TSLA,271.21,272.12,271.16,271.56,4137
2025-11-17 11:48:00,TSLA,269.86,270.73,269.3,270.22,4667
2025-11-17 11:49:00,TSLA,268.84,269.12,268.16,268.22,1004
2025-11-17 11:50:00,TSLA,268.66,269.58,268.63,269.12,4625
2025-11-17 11:51:00,TSLA,269.68,269.73,269.22,269.41,1004
2025-11-17 11:52:00,TSLA,268.56,268.6,267.83,268.0,2328
2025-11-17 11:53:00,TSLA,269.4,269.91,268.91,268.96,4808
2025-11-17 11:54:00,TSLA,268.94,269.81,268.69,268.98,1865
2025-11-17 11:55:00,TSLA,269.3,269.55,268.8,269.42,4467
2025-11-17 11:56:00,TSLA,269.33,269.85,268.69,269.3,3184
2025-11-17 11:57:00,TSLA,267.81,267.84,267.52,267.66,4026
2025-11-17 11:58:00,TSLA,268.0,268.4,267.55,267.68,3768
2025-11-17 11:59:00,TSLA,267.5,268.29,267.38,267.99,2343
2025-11-17 12:00:00,TSLA,268.52,269.43,267.91,269.22,3951
2025-11-17 12:01:00,TSLA,269.18,269.27,268.6,269.17,4388
2025-11-17 12:02:00,TSLA,269.36,269.82,268.39,269.29,4507
2025-11-17 12:03:00,TSLA,269.41,270.19,268.67,269.33,1819
2025-11-17 12:04:00,TSLA,268.57,269.22,267.62,267.71,2309
2025-11-17 12:05:00,TSLA,268.12,268.69,267.59,267.61,2138
2025-11-17 12:06:00,TSLA,267.94,268.75,267.83,268.71,4828
2025-11-17 12:07:00,TSLA,268.6,269.44,268.19,268.71,597
2025-11-17 12:08:00,TSLA,269.51,270.31,269.16,269.25,3646
2025-11-17 12:09:00,TSLA,267.8,268.62,267.56,267.85,1532
2025-11-17 12:10:00,TSLA,269.31,269.96,268.45,269.23,3169
2025-11-17 12:11:00,TSLA,269.88,270.04,269.68,269.88,3582
2025-11-17 12:12:00,TSLA,268.82,269.57,268.27,268.49,4852
2025-11-17 12:13:00,TSLA,269.24,270.16,268.69,270.01,4849
2025-11-17 12:14:00,TSLA,268.86,269.65,268.18,268.38,2735
2025-11-17 12:15:00,TSLA,269.24,269.46,268.86,269.42,4872
2025-11-17 12:16:00,TSLA,268.94,269.22,268.41,269.15,2682
2025-11-17 12:17:00,TSLA,269.24,269.86,268.53,269.58,2439
2025-11-17 12:18:00,TSLA,269.78,270.35,269.02,270.16,4857
2025-11-17 12:19:00,TSLA,271.45,272.02,271.44,271.91,3690
2025-11-17 12:20:00,TSLA,269.88,270.64,269.39,270.25,3166
2025-11-17 12:21:00,TSLA,270.21,270.43,269.33,269.59,4956
2025-11-17 12:22:00,TSLA,270.59,271.33,269.94,271.24,2779
2025-11-17 12:23:00,TSLA,270.22,271.06,269.42,270.66,851
2025-11-17 12:24:00,TSLA,272.1,272.46,271.3,272.04,4575
2025-11-17 12:25:00,TSLA,271.77,271.82,271.15,271.28,3373
2025-11-17 12:26:00,TSLA,271.36,272.24,270.95,272.03,1863
2025-11-17 12:27:00,TSLA,272.81,273.79,272.28,272.36,3072
2025-11-17 12:28:00,TSLA,271.85,272.0,271.09,271.75,731
2025-11-17 12:29:00,TSLA,272.71,273.11,272.03,273.0,4234
2025-11-17 12:30:00,TSLA,272.14,272.24,272.08,272.13,1270
2025-11-17 12:31:00,TSLA,271.78,271.94,270.97,271.12,908
2025-11-17 12:32:00,TSLA,271.39,271.43,270.69,271.07,4754
2025-11-17 12:33:00,TSLA,271.81,272.7,270.82,271.59,4218
2025-11-17 12:34:00,TSLA,270.72,270.82,270.66,270.73,3987
2025-11-17 12:35:00,TSLA,271.19,271.99,270.36,271.83,715
2025-11-17 12:36:00,TSLA,272.94,273.11,272.84,272.9,4747
2025-11-17 12:37:00,TSLA,273.73,274.05,273.69,273.95,2908
2025-11-17 12:38:00,TSLA,273.84,274.47,273.54,273.96,3528
2025-11-17 12:39:00,TSLA,273.13,273.76,272.38,272.52,4295
2025-11-17 12:40:00,TSLA,272.5,272.8,272.08,272.68,4644
2025-11-17 12:41:00,TSLA,271.87,272.82,271.08,271.62,1304
2025-11-17 12:42:00,TSLA,272.4,273.35,271.9,273.2,2377
2025-11-17 12:43:00,TSLA,272.08,272.57,271.43,271.79,3442
2025-11-17 12:44:00,TSLA,271.6,272.0,270.88,271.08,2317
2025-11-17 12:45:00,TSLA,272.28,272.72,271.34,272.16,2707
2025-11-17 12:46:00,TSLA,272.42,272.62,271.84,272.05,2791
2025-11-17 12:47:00,TSLA,272.21,272.89,271.23,272.47,2609
2025-11-17 12:48:00,TSLA,272.99,273.47,272.97,273.25,800
2025-11-17 12:49:00,TSLA,271.58,271.88,271.29,271.72,4111
2025-11-17 12:50:00,TSLA,270.71,270.73,270.1,270.17,3562
2025-11-17 12:51:00,TSLA,269.45,270.15,269.33,269.66,1424
2025-11-17 12:52:00,TSLA,269.53,270.5,269.33,270.06,3142
2025-11-17 12:53:00,TSLA,270.39,270.63,270.37,270.41,3262
2025-11-17 12:54:00,TSLA,270.03,270.07,269.42,270.04,3461
2025-11-17 12:55:00,TSLA,269.55,270.3,268.67,268.79,559
2025-11-17 12:56:00,TSLA,267.54,268.05,267.01,267.38,3218
2025-11-17 12:57:00,TSLA,267.96,268.32,267.22,268.03,561
2025-11-17 12:58:00,TSLA,266.87,267.84,266.16,267.35,3775
2025-11-17 12:59:00,TSLA,266.94,267.63,265.99,266.67,3993
2025-11-17 13:00:00,TSLA,267.66,268.27,267.01,268.27,3553
2025-11-17 13:01:00,TSLA,268.73,269.63,267.77,268.29,4302
2025-11-17 13:02:00,TSLA,268.0,268.46,267.85,267.95,4290
2025-11-17 13:03:00,TSLA,268.65,268.88,268.09,268.53,2583
2025-11-17 13:04:00,TSLA,268.32,269.21,267.5,269.02,2189
2025-11-17 13:05:00,TSLA,268.74,269.23,268.7,268.96,652
2025-11-17 13:06:00,TSLA,268.45,269.31,268.34,268.38,1654
2025-11-17 13:07:00,TSLA,268.69,268.78,267.91,268.63,2452
2025-11-17 13:08:00,TSLA,267.54,268.51,267.4,267.81,3332
2025-11-17 13:09:00,TSLA,267.17,268.11,266.8,267.94,1583
2025-11-17 13:10:00,TSLA,268.68,269.47,268.12,268.23,4779
2025-11-17 13:11:00,TSLA,268.56,268.85,267.68,268.29,2530
2025-11-17 13:12:00,TSLA,269.79,270.51,269.69,270.1,1850
2025-11-17 13:13:00,TSLA,270.74,271.28,270.26,270.33,1339
2025-11-17 13:14:00,TSLA,269.87,270.51,268.99,269.43,3052
2025-11-17 13:15:00,TSLA,269.54,270.49,268.56,270.46,4402
2025-11-17 13:16:00,TSLA,269.62,269.89,268.82,269.85,1306
2025-11-17 13:17:00,TSLA,269.25,270.04,268.65,269.35,1418
2025-11-17 13:18:00,TSLA,270.47,271.32,270.28,270.96,4577
2025-11-17 13:19:00,TSLA,271.54,272.12,270.98,271.42,4398
2025-11-17 13:20:00,TSLA,269.89,270.04,269.22,269.35,2025
2025-11-17 13:21:00,TSLA,269.33,269.5,268.69,268.89,1093
2025-11-17 13:22:00,TSLA,268.94,269.55,268.45,269.47,3359
2025-11-17 13:23:00,TSLA,269.61,270.07,268.62,268.92,4012
2025-11-17 13:24:00,TSLA,269.47,269.85,269.0,269.04,1400
2025-11-17 13:25:00,TSLA,268.45,268.86,268.43,268.85,2931
2025-11-17 13:26:00,TSLA,269.23,269.85,268.56,269.39,3757
2025-11-17 13:27:00,TSLA,270.53,271.34,269.57,270.71,2627
2025-11-17 13:28:00,TSLA,269.94,270.89,269.72,270.83,3314
2025-11-17 13:29:00,TSLA,269.27,269.34,268.34,269.32,546
2025-11-17 13:30:00,TSLA,268.29,268.83,267.77,268.39,4408
2025-11-17 13:31:00,TSLA,267.03,267.72,266.36,266.69,1869
2025-11-17 13:32:00,TSLA,266.9,267.32,266.61,266.7,4682
2025-11-17 13:33:00,TSLA,267.26,267.95,266.99,266.99,1479
2025-11-17 13:34:00,TSLA,266.65,267.17,266.02,266.23,4870
2025-11-17 13:35:00,TSLA,264.55,264.66,263.99,264.21,2768
2025-11-17 13:36:00,TSLA,264.92,265.71,264.81,265.65,1459
2025-11-17 13:37:00,TSLA,265.67,266.16,265.35,265.41,3674
2025-11-17 13:38:00,TSLA,266.21,266.31,265.41,265.77,3403
2025-11-17 13:39:00,TSLA,266.36,266.92,265.49,266.75,3962
2025-11-17 13:40:00,TSLA,266.36,267.17,265.81,266.6,4392
2025-11-17 13:41:00,TSLA,267.83,268.58,267.51,268.54,4686
2025-11-17 13:42:00,TSLA,269.63,270.07,268.88,270.06,3934
2025-11-17 13:43:00,TSLA,271.04,271.86,270.44,271.53,1172
2025-11-17 13:44:00,TSLA,270.29,270.94,269.78,270.24,1624
2025-11-17 13:45:00,TSLA,270.56,271.43,270.37,270.7,4936
2025-11-17 13:46:00,TSLA,270.96,271.55,270.72,270.97,4120
2025-11-17 13:47:00,TSLA,268.33,269.08,267.85,268.22,2723
2025-11-17 13:48:00,TSLA,269.28,269.85,269.21,269.63,4855
2025-11-17 13:49:00,TSLA,268.15,269.14,267.87,268.32,2962
2025-11-17 13:50:00,TSLA,265.68,266.64,265.43,265.57,2079
2025-11-17 13:51:00,TSLA,265.91,266.66,265.45,265.55,2537
2025-11-17 13:52:00,TSLA,266.39,266.89,265.86,266.79,1342
2025-11-17 13:53:00,TSLA,266.9,266.99,266.2,266.47,1478
2025-11-17 13:54:00,TSLA,264.37,264.56,264.19,264.29,1184
2025-11-17 13:55:00,TSLA,264.16,264.86,263.63,264.22,939
2025-11-17 13:56:00,TSLA,263.96,264.95,263.78,264.71,3308
2025-11-17 13:57:00,TSLA,265.3,265.91,264.98,265.46,4908
2025-11-17 13:58:00,TSLA,265.47,266.44,264.54,264.75,3756
2025-11-17 13:59:00,TSLA,265.65,265.67,265.0,265.56,1945
2025-11-17 14:00:00,TSLA,265.7,266.63,265.63,265.84,1724
2025-11-17 14:01:00,TSLA,266.22,266.26,265.27,266.04,766
2025-11-17 14:02:00,TSLA,266.2,266.21,265.34,265.96,2087
2025-11-17 14:03:00,TSLA,265.05,265.25,264.26,265.1,660
2025-11-17 14:04:00,TSLA,263.41,263.49,262.82,262.99,2196
2025-11-17 14:05:00,TSLA,262.61,262.71,261.77,262.12,4119
2025-11-17 14:06:00,TSLA,259.43,260.2,259.23,260.11,2999
2025-11-17 14:07:00,TSLA,260.43,261.09,260.34,260.82,1379
2025-11-17 14:08:00,TSLA,260.01,260.41,259.33,259.68,1073
2025-11-17 14:09:00,TSLA,259.5,259.93,259.34,259.92,2201
2025-11-17 14:10:00,TSLA,260.59,260.66,260.29,260.45,958
2025-11-17 14:11:00,TSLA,260.42,260.52,260.08,260.2,4376
2025-11-17 14:12:00,TSLA,260.79,261.05,260.15,260.98,4167
2025-11-17 14:13:00,TSLA,259.71,260.33,259.48,259.82,3463
2025-11-17 14:14:00,TSLA,260.09,261.0,259.14,260.25,4820
2025-11-17 14:15:00,TSLA,260.89,261.71,259.99,260.48,4328
2025-11-17 14:16:00,TSLA,259.29,259.68,258.65,259.47,1243
2025-11-17 14:17:00,TSLA,260.36,260.51,259.96,259.98,2012
2025-11-17 14:18:00,TSLA,261.91,262.7,261.82,262.62,1231
2025-11-17 14:19:00,TSLA,263.54,264.42,262.63,263.12,4140
2025-11-17 14:20:00,TSLA,262.4,262.58,262.28,262.33,1407
2025-11-17 14:21:00,TSLA,264.2,264.81,263.29,263.93,933
2025-11-17 14:22:00,TSLA,264.19,264.69,263.54,264.54,2918
2025-11-17 14:23:00,TSLA,266.91,267.21,266.3,266.35,3111
2025-11-17 14:24:00,TSLA,266.37,266.48,266.06,266.2,1978
2025-11-17 14:25:00,TSLA,268.21,268.27,267.36,267.53,4236
2025-11-17 14:26:00,TSLA,267.02,267.13,266.43,267.07,4915
2025-11-17 14:27:00,TSLA,266.56,266.57,266.14,266.36,2967
2025-11-17 14:28:00,TSLA,267.39,267.96,266.83,267.48,4954
2025-11-17 14:29:00,TSLA,266.22,266.26,266.0,266.14,2319
2025-11-17 14:30:00,TSLA,264.72,265.41,263.72,264.48,1966
2025-11-17 14:31:00,TSLA,264.93,265.05,264.59,264.64,1597
2025-11-17 14:32:00,TSLA,265.21,265.47,265.04,265.15,800
2025-11-17 14:33:00,TSLA,263.73,264.43,263.47,263.82,3561
2025-11-17 14:34:00,TSLA,263.52,264.3,263.01,264.29,4342
2025-11-17 14:35:00,TSLA,265.47,265.86,264.77,265.14,3600
2025-11-17 14:36:00,TSLA,265.42,266.13,264.73,266.1,2121
2025-11-17 14:37:00,TSLA,265.44,266.15,265.37,265.9,4972
2025-11-17 14:38:00,TSLA,264.22,264.57,263.41,263.49,3465
2025-11-17 14:39:00,TSLA,263.73,264.65,263.52,264.57,4899
2025-11-17 14:40:00,TSLA,264.86,265.23,263.9,264.28,2537
2025-11-17 14:41:00,TSLA,264.91,265.61,263.96,265.29,4021
2025-11-17 14:42:00,TSLA,262.74,263.72,262.35,263.06,2827
2025-11-17 14:43:00,TSLA,262.34,263.17,261.7,262.14,4395
2025-11-17 14:44:00,TSLA,261.53,262.44,261.53,261.55,2888
2025-11-17 14:45:00,TSLA,260.71,261.07,260.35,260.67,4837
2025-11-17 14:46:00,TSLA,260.51,261.5,259.81,260.87,2665
2025-11-17 14:47:00,TSLA,262.03,262.53,261.11,262.03,4940
2025-11-17 14:48:00,TSLA,260.82,261.32,260.38,260.99,2774
2025-11-17 14:49:00,TSLA,262.81,263.35,261.82,262.67,3449
2025-11-17 14:50:00,TSLA,262.89,263.34,262.12,262.31,3605
2025-11-17 14:51:00,TSLA,262.46,262.55,262.14,262.49,3557
2025-11-17 14:52:00,TSLA,263.14,264.05,263.08,263.8,3954
2025-11-17 14:53:00,TSLA,265.73,266.27,264.77,265.25,3598
2025-11-17 14:54:00,TSLA,263.57,263.98,262.93,263.63,4651
2025-11-17 14:55:00,TSLA,262.85,263.81,262.07,263.02,1692
2025-11-17 14:56:00,TSLA,262.61,262.87,261.76,262.58,2277
2025-11-17 14:57:00,TSLA,260.62,261.5,260.0,260.19,1880
2025-11-17 14:58:00,TSLA,260.06,260.08,260.0,260.04,4431
2025-11-17 14:59:00,TSLA,259.97,260.28,259.37,260.08,2423
2025-11-17 15:00:00,TSLA,260.1,261.05,259.82,260.45,1362
2025-11-17 15:01:00,TSLA,260.24,261.13,260.14,260.66,3150
2025-11-17 15:02:00,TSLA,261.76,262.68,261.31,262.23,2546
2025-11-17 15:03:00,TSLA,262.71,263.15,262.23,262.32,2092
2025-11-17 15:04:00,TSLA,263.59,264.44,263.33,263.95,4610
2025-11-17 15:05:00,TSLA,263.57,264.35,262.74,263.79,2100
2025-11-17 15:06:00,TSLA,263.39,264.35,262.47,262.51,777
2025-11-17 15:07:00,TSLA,261.62,262.26,261.58,262.03,4696
2025-11-17 15:08:00,TSLA,262.48,263.13,261.95,262.55,2942
2025-11-17 15:09:00,TSLA,264.12,264.76,263.56,263.98,1105
2025-11-17 15:10:00,TSLA,264.56,265.37,263.7,264.85,2395
2025-11-17 15:11:00,TSLA,268.1,268.64,267.68,268.49,4416
2025-11-17 15:12:00,TSLA,267.9,268.66,267.77,268.4,3692
2025-11-17 15:13:00,TSLA,267.44,268.42,266.56,267.87,3018
2025-11-17 15:14:00,TSLA,269.68,269.98,268.74,269.71,4467
2025-11-17 15:15:00,TSLA,268.04,268.63,267.84,268.61,4874
2025-11-17 15:16:00,TSLA,268.75,269.15,268.49,268.57,4171
2025-11-17 15:17:00,TSLA,269.56,270.22,269.51,269.83,1465
2025-11-17 15:18:00,TSLA,270.42,271.14,270.14,271.1,2901
2025-11-17 15:19:00,TSLA,271.38,272.34,270.79,271.13,2551
2025-11-17 15:20:00,TSLA,270.92,271.48,270.71,271.47,3729
2025-11-17 15:21:00,TSLA,272.12,272.49,271.59,272.07,4424
2025-11-17 15:22:00,TSLA,272.26,272.96,271.64,272.83,4501
2025-11-17 15:23:00,TSLA,273.99,274.63,273.22,274.08,1404
2025-11-17 15:24:00,TSLA,273.59,273.59,272.78,273.08,741
2025-11-17 15:25:00,TSLA,273.04,273.38,272.8,272.94,3547
2025-11-17 15:26:00,TSLA,274.99,275.82,274.25,275.04,4624
2025-11-17 15:27:00,TSLA,275.94,276.28,275.47,275.88,3970
2025-11-17 15:28:00,TSLA,276.25,277.14,275.91,276.29,2137
2025-11-17 15:29:00,TSLA,276.82,277.76,276.76,277.38,1752
2025-11-17 15:30:00,TSLA,278.55,279.32,278.42,278.8,4615
2025-11-17 15:31:00,TSLA,278.89,279.31,278.76,279.29,1684
2025-11-17 15:32:00,TSLA,280.09,280.4,279.56,280.04,1847
2025-11-17 15:33:00,TSLA,279.59,280.49,279.07,279.59,2173
2025-11-17 15:34:00,TSLA,281.11,281.88,280.43,281.72,3444
2025-11-17 15:35:00,TSLA,280.87,281.4,280.77,280.8,556
2025-11-17 15:36:00,TSLA,279.09,279.46,278.51,279.3,1770
2025-11-17 15:37:00,TSLA,278.99,279.92,278.97,279.64,4936
2025-11-17 15:38:00,TSLA,280.43,280.53,279.91,279.95,838
2025-11-17 15:39:00,TSLA,278.28,279.14,277.45,278.93,535
2025-11-17 15:40:00,TSLA,278.29,278.91,277.69,277.92,2855
2025-11-17 15:41:00,TSLA,277.48,278.04,276.93,277.84,2115
2025-11-17 15:42:00,TSLA,278.26,278.61,277.95,278.42,1123
2025-11-17 15:43:00,TSLA,278.09,279.03,277.88,278.43,4261
2025-11-17 15:44:00,TSLA,278.45,279.38,277.87,278.56,3552
2025-11-17 15:45:00,TSLA,278.38,279.32,277.71,279.04,689
2025-11-17 15:46:00,TSLA,279.37,279.61,278.55,279.54,2942
2025-11-17 15:47:00,TSLA,277.63,277.63,276.93,277.18,1955
2025-11-17 15:48:00,TSLA,280.39,281.23,280.03,280.17,1638
2025-11-17 15:49:00,TSLA,279.1,279.41,278.68,279.11,1123
2025-11-17 15:50:00,TSLA,279.84,279.87,279.35,279.86,3228
2025-11-17 15:51:00,TSLA,279.56,280.34,278.74,279.64,840
2025-11-17 15:52:00,TSLA,279.94,279.98,279.68,279.9,628
2025-11-17 15:53:00,TSLA,280.35,280.43,279.95,280.33,2748
2025-11-17 15:54:00,TSLA,280.69,281.31,280.46,280.89,1197
2025-11-17 15:55:00,TSLA,283.01,283.57,282.43,283.38,1971
2025-11-17 15:56:00,TSLA,285.23,285.89,284.62,284.71,4973
2025-11-17 15:57:00,TSLA,286.24,286.5,285.24,286.28,1921
2025-11-17 15:58:00,TSLA,287.01,287.14,286.62,286.67,4792
2025-11-17 15:59:00,TSLA,287.03,287.55,286.69,287.38,2308
2025-11-17 16:00:00,TSLA,286.19,286.89,285.28,286.86,1496
2025-11-18 09:30:00,TSLA,285.74,286.64,284.99,286.16,4176
2025-11-18 09:31:00,TSLA,287.14,287.8,286.86,287.51,4228
2025-11-18 09:32:00,TSLA,286.6,286.72,286.44,286.51,2965
2025-11-18 09:33:00,TSLA,286.21,286.41,285.88,285.97,4874
2025-11-18 09:34:00,TSLA,286.53,287.19,286.52,286.86,2999
2025-11-18 09:35:00,TSLA,285.72,286.36,285.1,285.68,936
2025-11-18 09:36:00,TSLA,285.16,285.63,284.8,285.01,2416
2025-11-18 09:37:00,TSLA,286.29,286.81,285.55,285.68,2778
2025-11-18 09:38:00,TSLA,283.99,284.67,283.58,283.7,1183
2025-11-18 09:39:00,TSLA,283.63,283.98,283.25,283.46,3491
2025-11-18 09:40:00,TSLA,283.85,284.78,283.2,283.47,2977
2025-11-18 09:41:00,TSLA,283.55,283.66,283.51,283.65,749
2025-11-18 09:42:00,TSLA,282.56,283.23,282.4,282.63,3464
2025-11-18 09:43:00,TSLA,283.62,284.56,282.97,283.2,3707
2025-11-18 09:44:00,TSLA,283.23,283.85,282.23,283.64,795
2025-11-18 09:45:00,TSLA,283.99,284.6,283.3,283.77,3305
2025-11-18 09:46:00,TSLA,283.5,284.08,283.37,283.67,959
2025-11-18 09:47:00,TSLA,283.16,284.1,282.36,284.05,1939
2025-11-18 09:48:00,TSLA,285.31,285.91,285.26,285.41,1628
2025-11-18 09:49:00,TSLA,284.78,285.65,283.95,284.04,4969
2025-11-18 09:50:00,TSLA,284.27,285.13,284.14,284.67,3361
2025-11-18 09:51:00,TSLA,284.03,285.02,283.5,284.47,1559
2025-11-18 09:52:00,TSLA,285.39,286.35,284.63,286.31,3841
2025-11-18 09:53:00,TSLA,285.67,286.54,284.7,285.64,4952
2025-11-18 09:54:00,TSLA,285.62,286.38,284.71,286.23,2660
2025-11-18 09:55:00,TSLA,287.46,288.38,287.14,287.86,606
2025-11-18 09:56:00,TSLA,285.98,286.31,285.86,286.02,735
2025-11-18 09:57:00,TSLA,284.94,285.77,284.1,284.75,1946
2025-11-18 09:58:00,TSLA,284.95,285.42,284.51,284.94,3987
2025-11-18 09:59:00,TSLA,284.98,285.55,284.44,285.15,1755
2025-11-18 10:00:00,TSLA,283.38,284.06,282.84,282.97,2218
2025-11-18 10:01:00,TSLA,283.61,284.54,283.36,283.62,1260
2025-11-18 10:02:00,TSLA,284.25,284.43,283.98,284.35,1818
2025-11-18 10:03:00,TSLA,284.73,285.54,283.96,285.31,2542
2025-11-18 10:04:00,TSLA,285.59,285.73,285.1,285.26,4832
2025-11-18 10:05:00,TSLA,285.77,286.54,285.35,285.98,988
2025-11-18 10:06:00,TSLA,286.87,287.03,286.07,286.57,4648
2025-11-18 10:07:00,TSLA,286.23,286.94,285.83,286.92,1056
2025-11-18 10:08:00,TSLA,288.11,289.04,288.05,288.79,2827
2025-11-18 10:09:00,TSLA,287.97,288.45,287.94,287.95,3812
2025-11-18 10:10:00,TSLA,288.14,288.82,287.51,287.7,4727
2025-11-18 10:11:00,TSLA,288.94,289.17,288.57,288.71,2873
2025-11-18 10:12:00,TSLA,289.65,290.4,289.12,289.27,4139
2025-11-18 10:13:00,TSLA,289.07,289.83,288.61,288.63,939
2025-11-18 10:14:00,TSLA,287.21,287.72,286.81,287.07,1457
2025-11-18 10:15:00,TSLA,287.69,288.38,287.6,288.17,897
2025-11-18 10:16:00,TSLA,287.29,287.48,286.37,286.77,3099
2025-11-18 10:17:00,TSLA,287.51,288.26,286.99,287.56,2630
2025-11-18 10:18:00,TSLA,287.41,288.28,287.17,288.13,3843
2025-11-18 10:19:00,TSLA,288.06,288.27,287.56,287.96,4496
2025-11-18 10:20:00,TSLA,287.66,288.46,286.92,287.66,2893
2025-11-18 10:21:00,TSLA,286.8,287.72,286.5,287.62,3553
2025-11-18 10:22:00,TSLA,287.56,288.18,287.42,287.98,3053
2025-11-18 10:23:00,TSLA,289.23,289.31,288.39,288.46,1848
2025-11-18 10:24:00,TSLA,287.08,287.57,286.87,287.1,3641
2025-11-18 10:25:00,TSLA,287.25,287.61,286.68,286.9,3484
2025-11-18 10:26:00,TSLA,285.59,286.29,284.66,285.14,1385
2025-11-18 10:27:00,TSLA,284.89,284.95,284.5,284.92,570
2025-11-18 10:28:00,TSLA,285.45,286.0,285.32,285.47,2971
2025-11-18 10:29:00,TSLA,286.08,287.0,285.28,285.65,3987
2025-11-18 10:30:00,TSLA,285.41,285.78,285.31,285.36,1581
2025-11-18 10:31:00,TSLA,284.64,285.58,283.85,285.2,4135
2025-11-18 10:32:00,TSLA,283.61,284.5,282.93,284.09,1012
2025-11-18 10:33:00,TSLA,284.38,285.18,283.72,284.89,1365
2025-11-18 10:34:00,TSLA,286.38,286.98,286.19,286.93,1307
2025-11-18 10:35:00,TSLA,288.12,288.42,288.06,288.2,4373
2025-11-18 10:36:00,TSLA,288.51,288.82,287.59,287.98,3949
2025-11-18 10:37:00,TSLA,289.0,289.2,288.94,289.1,2356
2025-11-18 10:38:00,TSLA,288.77,289.32,288.43,288.94,2148
2025-11-18 10:39:00,TSLA,289.13,290.06,289.06,289.63,1116
2025-11-18 10:40:00,TSLA,288.7,289.23,287.88,288.25,528
2025-11-18 10:41:00,TSLA,288.44,289.41,287.53,288.36,3097
2025-11-18 10:42:00,TSLA,289.64,290.03,288.8,288.81,1571
2025-11-18 10:43:00,TSLA,288.2,288.84,287.96,288.36,3390
2025-11-18 10:44:00,TSLA,288.13,289.13,287.2,287.28,4050
2025-11-18 10:45:00,TSLA,288.52,288.76,287.88,288.4,1349
2025-11-18 10:46:00,TSLA,288.51,289.39,288.31,288.8,4118
2025-11-18 10:47:00,TSLA,287.47,287.61,287.18,287.24,4053
2025-11-18 10:48:00,TSLA,288.16,289.05,288.13,288.98,1417
2025-11-18 10:49:00,TSLA,288.95,289.57,288.26,288.91,1513
2025-11-18 10:50:00,TSLA,287.66,287.81,286.93,286.93,4294
2025-11-18 10:51:00,TSLA,286.1,286.61,285.71,286.22,1839
2025-11-18 10:52:00,TSLA,287.33,287.65,287.11,287.18,4883
2025-11-18 10:53:00,TSLA,288.49,289.48,288.46,288.65,1115
2025-11-18 10:54:00,TSLA,288.77,289.67,288.47,289.06,3651
2025-11-18 10:55:00,TSLA,287.35,287.56,286.35,286.41,4315
2025-11-18 10:56:00,TSLA,286.24,287.09,286.01,286.87,4850
2025-11-18 10:57:00,TSLA,287.61,287.92,287.27,287.61,3375
2025-11-18 10:58:00,TSLA,288.49,288.58,287.71,288.11,4592
2025-11-18 10:59:00,TSLA,289.22,289.95,288.67,289.89,2701
2025-11-18 11:00:00,TSLA,291.47,292.42,290.87,291.24,3542
2025-11-18 11:01:00,TSLA,292.23,293.03,291.34,292.02,4993
2025-11-18 11:02:00,TSLA,292.97,293.69,292.38,292.8,968
2025-11-18 11:03:00,TSLA,293.13,293.43,292.3,292.68,2962
2025-11-18 11:04:00,TSLA,291.99,292.21,291.7,291.76,4916
2025-11-18 11:05:00,TSLA,292.88,293.54,292.46,293.41,3918
2025-11-18 11:06:00,TSLA,295.5,295.71,295.33,295.36,2763
2025-11-18 11:07:00,TSLA,294.29,295.27,293.64,294.92,4533
2025-11-18 11:08:00,TSLA,294.45,295.15,293.85,294.74,1058
2025-11-18 11:09:00,TSLA,294.24,294.79,293.44,294.15,3420
2025-11-18 11:10:00,TSLA,293.11,293.94,292.92,292.99,2137
2025-11-18 11:11:00,TSLA,293.86,294.8,293.29,293.65,2876
2025-11-18 11:12:00,TSLA,294.0,294.78,293.73,294.46,864
2025-11-18 11:13:00,TSLA,294.1,294.85,293.86,294.29,4696
2025-11-18 11:14:00,TSLA,294.47,295.29,293.78,294.23,4386
2025-11-18 11:15:00,TSLA,294.86,295.14,294.3,295.08,3336
2025-11-18 11:16:00,TSLA,294.35,294.63,293.5,293.67,3083
2025-11-18 11:17:00,TSLA,293.91,294.36,293.26,294.28,1190
2025-11-18 11:18:00,TSLA,293.84,293.86,293.71,293.76,3497
2025-11-18 11:19:00,TSLA,293.76,293.87,293.25,293.62,3291
2025-11-18 11:20:00,TSLA,293.21,293.35,292.52,293.27,3015
2025-11-18 11:21:00,TSLA,293.04,293.96,292.23,293.53,4782
2025-11-18 11:22:00,TSLA,294.0,294.29,293.35,293.46,3106
2025-11-18 11:23:00,TSLA,294.94,295.91,294.3,294.65,4929
2025-11-18 11:24:00,TSLA,295.23,295.54,294.35,295.24,2903
2025-11-18 11:25:00,TSLA,295.92,296.5,295.46,296.46,679
2025-11-18 11:26:00,TSLA,297.31,298.13,296.56,297.48,2303
2025-11-18 11:27:00,TSLA,298.76,299.09,298.0,298.41,2055
2025-11-18 11:28:00,TSLA,298.37,299.11,297.63,298.29,1685
2025-11-18 11:29:00,TSLA,297.49,297.65,297.2,297.6,3037
2025-11-18 11:30:00,TSLA,295.64,296.61,295.17,295.99,1251
2025-11-18 11:31:00,TSLA,296.42,297.26,295.78,296.18,2537
2025-11-18 11:32:00,TSLA,294.58,295.37,294.25,294.53,596
2025-11-18 11:33:00,TSLA,294.85,294.98,294.49,294.93,3502
2025-11-18 11:34:00,TSLA,294.17,294.87,293.95,294.8,3479
2025-11-18 11:35:00,TSLA,295.3,295.61,295.01,295.45,2458
2025-11-18 11:36:00,TSLA,294.7,295.6,294.09,294.76,1312
2025-11-18 11:37:00,TSLA,295.53,296.19,294.85,294.89,3100
2025-11-18 11:38:00,TSLA,294.95,295.94,294.78,295.71,1275
2025-11-18 11:39:00,TSLA,296.15,296.45,295.46,295.61,3605
2025-11-18 11:40:00,TSLA,295.13,295.96,294.59,295.2,4968
2025-11-18 11:41:00,TSLA,295.39,296.01,294.6,294.94,903
2025-11-18 11:42:00,TSLA,294.57,295.48,294.42,294.88,2823
2025-11-18 11:43:00,TSLA,292.96,293.54,292.52,293.13,4923
2025-11-18 11:44:00,TSLA,292.94,293.23,292.48,292.48,561
2025-11-18 11:45:00,TSLA,294.0,294.39,293.59,294.28,4438
2025-11-18 11:46:00,TSLA,294.47,295.01,293.77,294.16,4253
2025-11-18 11:47:00,TSLA,294.88,295.78,294.19,295.43,3445
2025-11-18 11:48:00,TSLA,297.47,298.4,296.83,298.14,1206
2025-11-18 11:49:00,TSLA,299.22,299.65,298.36,298.92,2038
2025-11-18 11:50:00,TSLA,298.55,298.88,297.73,298.29,2493
2025-11-18 11:51:00,TSLA,299.31,299.39,299.09,299.12,3570
2025-11-18 11:52:00,TSLA,301.2,301.22,300.98,301.0,1255
2025-11-18 11:53:00,TSLA,299.97,300.91,299.6,300.23,2188
2025-11-18 11:54:00,TSLA,300.41,300.92,299.43,300.53,1764
2025-11-18 11:55:00,TSLA,299.98,300.2,299.28,300.05,4979
2025-11-18 11:56:00,TSLA,301.47,301.56,301.26,301.45,1500
2025-11-18 11:57:00,TSLA,302.82,303.71,302.11,302.21,1232
2025-11-18 11:58:00,TSLA,303.4,303.46,302.5,302.95,2869
2025-11-18 11:59:00,TSLA,302.65,303.08,301.77,301.96,4580
2025-11-18 12:00:00,TSLA,303.7,304.08,302.83,302.96,4548
2025-11-18 12:01:00,TSLA,300.83,301.15,299.98,300.51,2566
2025-11-18 12:02:00,TSLA,298.96,299.07,298.04,299.05,2391
2025-11-18 12:03:00,TSLA,299.87,300.39,299.28,299.31,3642
2025-11-18 12:04:00,TSLA,298.6,298.7,298.14,298.32,1299
2025-11-18 12:05:00,TSLA,296.54,297.44,296.35,297.24,3914
2025-11-18 12:06:00,TSLA,297.58,298.38,297.04,297.34,3451
2025-11-18 12:07:00,TSLA,297.95,298.92,297.15,298.66,2547
2025-11-18 12:08:00,TSLA,298.5,299.02,298.31,298.76,3503
2025-11-18 12:09:00,TSLA,297.95,298.49,297.38,297.46,3588
2025-11-18 12:10:00,TSLA,298.92,299.6,298.36,298.72,2613
2025-11-18 12:11:00,TSLA,300.0,300.92,299.24,300.87,1088
2025-11-18 12:12:00,TSLA,300.73,301.44,300.02,300.47,1281
2025-11-18 12:13:00,TSLA,300.59,300.95,299.7,300.4,505
2025-11-18 12:14:00,TSLA,297.84,298.18,297.83,298.06,2718
2025-11-18 12:15:00,TSLA,297.36,298.12,297.29,297.68,2420
2025-11-18 12:16:00,TSLA,299.1,299.54,299.08,299.21,3011
2025-11-18 12:17:00,TSLA,297.76,298.7,297.29,297.38,3852
2025-11-18 12:18:00,TSLA,295.28,295.97,294.28,295.35,4918
2025-11-18 12:19:00,TSLA,293.75,294.69,293.03,293.34,1824
2025-11-18 12:20:00,TSLA,294.17,294.76,294.14,294.38,4047
2025-11-18 12:21:00,TSLA,295.14,296.08,294.62,295.86,1494
2025-11-18 12:22:00,TSLA,295.58,295.96,294.82,295.24,3897
2025-11-18 12:23:00,TSLA,295.31,295.59,294.44,295.32,4057
2025-11-18 12:24:00,TSLA,294.27,295.07,293.43,293.76,1368
2025-11-18 12:25:00,TSLA,293.13,293.65,293.06,293.64,655
2025-11-18 12:26:00,TSLA,295.17,295.79,294.75,295.78,1133
2025-11-18 12:27:00,TSLA,297.08,297.9,296.32,297.65,2423
2025-11-18 12:28:00,TSLA,297.54,297.79,297.51,297.53,1967
2025-11-18 12:29:00,TSLA,296.51,297.32,296.08,296.56,2446
2025-11-18 12:30:00,TSLA,298.0,298.22,297.68,297.82,1885
2025-11-18 12:31:00,TSLA,296.35,296.94,296.09,296.7,999
2025-11-18 12:32:00,TSLA,297.75,298.62,297.69,298.49,3330
2025-11-18 12:33:00,TSLA,298.56,299.13,298.46,298.88,2388
2025-11-18 12:34:00,TSLA,301.46,301.59,300.99,301.33,4186
2025-11-18 12:35:00,TSLA,300.61,301.52,299.65,300.28,3898
2025-11-18 12:36:00,TSLA,299.97,300.74,299.16,299.26,3752
2025-11-18 12:37:00,TSLA,299.33,299.64,298.66,299.32,2090
2025-11-18 12:38:00,TSLA,298.55,298.58,297.95,298.37,1741
2025-11-18 12:39:00,TSLA,298.3,298.85,297.55,297.65,1302
2025-11-18 12:40:00,TSLA,297.43,298.18,297.34,297.45,555
2025-11-18 12:41:00,TSLA,295.67,296.42,295.54,296.15,816
2025-11-18 12:42:00,TSLA,294.28,294.41,293.31,293.43,4854
2025-11-18 12:43:00,TSLA,293.19,293.37,292.49,292.58,4697
2025-11-18 12:44:00,TSLA,292.77,293.14,291.83,292.53,3480
2025-11-18 12:45:00,TSLA,291.99,292.14,291.67,291.73,3896
2025-11-18 12:46:00,TSLA,291.4,292.07,291.09,291.91,4927
2025-11-18 12:47:00,TSLA,290.2,290.7,290.17,290.43,4888
2025-11-18 12:48:00,TSLA,290.53,290.57,289.77,289.77,1505
2025-11-18 12:49:00,TSLA,289.93,290.65,289.44,289.92,925
2025-11-18 12:50:00,TSLA,291.54,291.79,290.95,291.01,748
2025-11-18 12:51:00,TSLA,292.48,292.96,292.42,292.45,988
2025-11-18 12:52:00,TSLA,291.83,292.1,291.7,291.94,3645
2025-11-18 12:53:00,TSLA,292.35,292.93,291.91,292.18,2800
2025-11-18 12:54:00,TSLA,291.94,292.37,291.12,291.23,3608
2025-11-18 12:55:00,TSLA,290.49,290.95,290.47,290.83,4688
2025-11-18 12:56:00,TSLA,290.46,291.39,289.46,289.74,3252
2025-11-18 12:57:00,TSLA,288.26,288.76,287.83,288.3,2663
2025-11-18 12:58:00,TSLA,287.59,288.27,286.98,287.48,3106
2025-11-18 12:59:00,TSLA,286.34,286.65,285.58,286.05,4259
2025-11-18 13:00:00,TSLA,286.24,287.16,286.17,286.81,3381
2025-11-18 13:01:00,TSLA,287.79,288.31,286.93,287.93,4369
2025-11-18 13:02:00,TSLA,288.32,288.65,288.11,288.63,4076
2025-11-18 13:03:00,TSLA,288.67,288.75,288.65,288.75,2292
2025-11-18 13:04:00,TSLA,287.52,287.66,287.01,287.62,2043
2025-11-18 13:05:00,TSLA,286.67,287.41,286.63,287.41,2725
2025-11-18 13:06:00,TSLA,286.84,287.7,286.39,286.61,3596
2025-11-18 13:07:00,TSLA,287.67,288.07,287.43,287.76,4857
2025-11-18 13:08:00,TSLA,286.03,286.54,285.19,286.53,4067
2025-11-18 13:09:00,TSLA,284.9,285.23,284.13,284.22,4152
2025-11-18 13:10:00,TSLA,285.18,285.57,284.51,285.08,3626
2025-11-18 13:11:00,TSLA,285.14,285.35,284.84,284.86,4924
2025-11-18 13:12:00,TSLA,285.45,285.98,284.48,284.62,2105
2025-11-18 13:13:00,TSLA,283.6,284.44,283.02,284.21,782
2025-11-18 13:14:00,TSLA,284.0,284.45,283.61,284.19,1559
2025-11-18 13:15:00,TSLA,282.71,283.04,281.76,282.07,3272
2025-11-18 13:16:00,TSLA,283.05,283.91,282.95,283.14,1944
2025-11-18 13:17:00,TSLA,282.48,283.42,282.21,282.89,3763
2025-11-18 13:18:00,TSLA,283.45,284.44,282.49,282.57,1319
2025-11-18 13:19:00,TSLA,280.58,281.05,280.21,280.67,2966
2025-11-18 13:20:00,TSLA,281.22,282.1,280.28,280.52,2879
2025-11-18 13:21:00,TSLA,280.63,280.97,279.83,280.04,4812
2025-11-18 13:22:00,TSLA,279.74,280.07,278.96,279.57,1963
2025-11-18 13:23:00,TSLA,279.69,279.82,278.88,279.36,684
2025-11-18 13:24:00,TSLA,278.79,278.95,277.89,278.03,4507
2025-11-18 13:25:00,TSLA,278.37,279.14,278.08,278.34,721
2025-11-18 13:26:00,TSLA,278.5,278.98,278.23,278.77,2818
2025-11-18 13:27:00,TSLA,279.84,280.65,279.13,279.22,3738
2025-11-18 13:28:00,TSLA,280.37,280.57,279.4,280.29,3443
2025-11-18 13:29:00,TSLA,281.56,281.6,280.67,281.58,2680
2025-11-18 13:30:00,TSLA,280.91,281.9,280.11,281.35,3771
2025-11-18 13:31:00,TSLA,281.46,281.47,280.85,281.31,3093
2025-11-18 13:32:00,TSLA,280.46,280.68,280.12,280.47,3472
2025-11-18 13:33:00,TSLA,279.99,280.75,279.0,280.22,960
2025-11-18 13:34:00,TSLA,279.92,280.11,279.32,279.51,3621
2025-11-18 13:35:00,TSLA,280.05,280.62,279.68,279.85,3636
2025-11-18 13:36:00,TSLA,280.17,281.11,279.91,280.27,2504
2025-11-18 13:37:00,TSLA,280.58,280.65,279.98,280.23,2834
2025-11-18 13:38:00,TSLA,280.8,281.72,279.81,280.41,3130
2025-11-18 13:39:00,TSLA,278.55,279.14,277.72,278.6,4406
2025-11-18 13:40:00,TSLA,276.96,277.69,276.77,277.39,4863
2025-11-18 13:41:00,TSLA,276.86,277.07,276.31,276.83,1993
2025-11-18 13:42:00,TSLA,276.43,277.33,276.09,276.24,2734
2025-11-18 13:43:00,TSLA,277.02,277.84,276.24,277.79,2214
2025-11-18 13:44:00,TSLA,277.05,278.02,276.62,277.76,4411
2025-11-18 13:45:00,TSLA,277.49,278.44,277.46,277.89,1537
2025-11-18 13:46:00,TSLA,278.65,279.59,278.27,279.27,1018
2025-11-18 13:47:00,TSLA,279.15,279.85,278.57,279.72,1173
2025-11-18 13:48:00,TSLA,278.99,279.0,278.61,278.78,641
2025-11-18 13:49:00,TSLA,279.3,279.86,278.82,279.09,846
2025-11-18 13:50:00,TSLA,279.63,279.75,278.79,279.29,2227
2025-11-18 13:51:00,TSLA,278.21,279.13,277.29,279.04,762
2025-11-18 13:52:00,TSLA,278.4,278.85,278.04,278.64,534
2025-11-18 13:53:00,TSLA,278.76,278.87,278.69,278.75,1782
2025-11-18 13:54:00,TSLA,278.36,279.0,277.84,278.09,2221
2025-11-18 13:55:00,TSLA,277.91,278.59,277.04,277.87,3592
2025-11-18 13:56:00,TSLA,277.67,278.31,277.67,277.8,1815
2025-11-18 13:57:00,TSLA,278.48,279.1,278.47,278.5,3248
2025-11-18 13:58:00,TSLA,278.13,278.49,277.53,278.04,1269
2025-11-18 13:59:00,TSLA,278.22,278.52,277.28,278.08,4601
2025-11-18 14:00:00,TSLA,278.0,278.54,277.69,278.25,1648
2025-11-18 14:01:00,TSLA,278.0,278.73,277.03,277.28,3182
2025-11-18 14:02:00,TSLA,277.12,277.21,276.46,277.06,2810
2025-11-18 14:03:00,TSLA,276.94,277.93,275.96,277.89,4347
2025-11-18 14:04:00,TSLA,278.94,279.09,278.02,278.83,4418
2025-11-18 14:05:00,TSLA,280.04,280.98,279.07,280.17,3236
2025-11-18 14:06:00,TSLA,281.3,282.17,281.11,281.24,4088
2025-11-18 14:07:00,TSLA,279.85,279.85,279.19,279.46,3805
2025-11-18 14:08:00,TSLA,278.18,278.6,277.23,278.56,4859
2025-11-18 14:09:00,TSLA,278.05,278.72,277.85,277.9,4715
2025-11-18 14:10:00,TSLA,278.17,278.98,277.34,278.87,1297
2025-11-18 14:11:00,TSLA,277.68,277.72,277.4,277.66,2345
2025-11-18 14:12:00,TSLA,278.84,279.68,278.59,279.05,1645
2025-11-18 14:13:00,TSLA,278.57,279.07,277.87,278.08,4016
2025-11-18 14:14:00,TSLA,280.1,280.32,279.59,280.18,2656
2025-11-18 14:15:00,TSLA,280.25,280.36,279.51,280.21,2798
2025-11-18 14:16:00,TSLA,278.07,278.21,277.88,277.94,2421
2025-11-18 14:17:00,TSLA,278.38,278.59,277.66,277.72,678
2025-11-18 14:18:00,TSLA,278.49,279.06,277.75,278.52,4447
2025-11-18 14:19:00,TSLA,277.17,277.9,276.63,277.54,3856
2025-11-18 14:20:00,TSLA,278.47,279.35,278.03,279.31,1779
2025-11-18 14:21:00,TSLA,279.34,279.72,278.81,279.01,3433
2025-11-18 14:22:00,TSLA,279.12,279.29,278.91,279.17,2545
2025-11-18 14:23:00,TSLA,280.88,281.69,279.94,280.25,2333
2025-11-18 14:24:00,TSLA,280.98,281.03,280.16,281.03,987
2025-11-18 14:25:00,TSLA,279.94,280.51,279.53,279.63,4912
2025-11-18 14:26:00,TSLA,281.59,282.04,281.39,281.52,1539
2025-11-18 14:27:00,TSLA,281.78,282.43,281.67,282.04,2725
2025-11-18 14:28:00,TSLA,282.38,283.29,281.8,282.58,4227
2025-11-18 14:29:00,TSLA,283.69,284.31,282.88,283.09,2372
2025-11-18 14:30:00,TSLA,281.51,282.28,281.41,281.64,2715
2025-11-18 14:31:00,TSLA,280.61,281.22,279.99,280.19,2069
2025-11-18 14:32:00,TSLA,279.08,279.5,278.88,279.41,4721
2025-11-18 14:33:00,TSLA,280.19,280.58,279.32,280.2,2407
2025-11-18 14:34:00,TSLA,280.45,281.25,279.8,279.93,2822
2025-11-18 14:35:00,TSLA,280.03,280.59,279.67,279.98,3173
2025-11-18 14:36:00,TSLA,277.96,278.15,277.75,277.81,4797
2025-11-18 14:37:00,TSLA,277.33,278.06,277.32,277.53,4653
2025-11-18 14:38:00,TSLA,277.72,278.42,276.73,278.17,1458
2025-11-18 14:39:00,TSLA,278.25,278.81,278.18,278.67,1305
2025-11-18 14:40:00,TSLA,278.75,279.36,278.74,278.91,2107
2025-11-18 14:41:00,TSLA,279.01,279.52,278.38,278.85,4400
2025-11-18 14:42:00,TSLA,279.97,280.64,279.34,279.4,2223
2025-11-18 14:43:00,TSLA,280.38,280.53,280.06,280.52,1651
2025-11-18 14:44:00,TSLA,282.4,283.1,282.0,282.12,746
2025-11-18 14:45:00,TSLA,281.7,281.78,280.92,281.23,3450
2025-11-18 14:46:00,TSLA,278.81,279.22,278.48,278.62,1158
2025-11-18 14:47:00,TSLA,278.84,279.28,278.49,279.22,905
2025-11-18 14:48:00,TSLA,280.35,280.85,279.76,280.49,1818
2025-11-18 14:49:00,TSLA,279.83,280.11,279.54,279.63,2846
2025-11-18 14:50:00,TSLA,279.73,279.89,279.34,279.53,3374
2025-11-18 14:51:00,TSLA,279.97,280.73,279.56,280.36,3077
2025-11-18 14:52:00,TSLA,279.46,279.98,279.34,279.83,2108
2025-11-18 14:53:00,TSLA,281.38,281.54,280.54,281.29,2963
2025-11-18 14:54:00,TSLA,279.91,280.4,279.23,279.97,1404
2025-11-18 14:55:00,TSLA,281.84,282.75,281.33,281.78,1861
2025-11-18 14:56:00,TSLA,278.66,279.39,278.25,279.25,4778
2025-11-18 14:57:00,TSLA,279.19,280.14,279.08,279.66,2443
2025-11-18 14:58:00,TSLA,280.19,280.55,279.24,279.69,1193
2025-11-18 14:59:00,TSLA,277.95,278.88,277.42,277.54,1230
2025-11-18 15:00:00,TSLA,278.07,278.4,277.94,278.29,3600
2025-11-18 15:01:00,TSLA,278.83,279.5,278.74,279.32,2293
2025-11-18 15:02:00,TSLA,277.11,277.22,276.16,276.47,2367
2025-11-18 15:03:00,TSLA,277.57,278.1,276.75,277.2,1028
2025-11-18 15:04:00,TSLA,276.5,277.05,276.32,276.96,966
2025-11-18 15:05:00,TSLA,277.99,278.36,277.55,277.73,4321
2025-11-18 15:06:00,TSLA,276.03,276.88,275.05,276.19,988
2025-11-18 15:07:00,TSLA,275.39,275.56,274.79,275.53,2960
2025-11-18 15:08:00,TSLA,274.35,275.08,274.26,274.5,2793
2025-11-18 15:09:00,TSLA,273.25,273.37,272.88,273.29,3360
2025-11-18 15:10:00,TSLA,272.56,273.05,271.99,272.52,2658
2025-11-18 15:11:00,TSLA,272.86,272.94,272.42,272.45,690
2025-11-18 15:12:00,TSLA,272.22,272.4,271.46,272.09,1545
2025-11-18 15:13:00,TSLA,271.81,271.94,270.96,271.7,4585
2025-11-18 15:14:00,TSLA,273.46,274.19,272.55,273.28,3395
2025-11-18 15:15:00,TSLA,274.08,274.95,273.09,274.81,690
2025-11-18 15:16:00,TSLA,275.47,276.39,274.6,274.63,3476
2025-11-18 15:17:00,TSLA,274.99,275.77,274.17,275.26,3418
2025-11-18 15:18:00,TSLA,276.15,276.83,275.37,276.27,2028
2025-11-18 15:19:00,TSLA,275.08,275.47,274.9,275.18,2423
2025-11-18 15:20:00,TSLA,275.4,276.02,275.03,275.04,4185
2025-11-18 15:21:00,TSLA,275.41,275.78,275.4,275.62,4374
2025-11-18 15:22:00,TSLA,274.18,274.46,273.97,274.43,2157
2025-11-18 15:23:00,TSLA,274.29,274.69,273.45,273.97,4926
2025-11-18 15:24:00,TSLA,275.23,275.86,275.05,275.49,2768
2025-11-18 15:25:00,TSLA,273.94,274.91,273.01,273.76,3351
2025-11-18 15:26:00,TSLA,272.38,273.27,271.38,271.41,2789
2025-11-18 15:27:00,TSLA,272.26,273.14,272.21,272.48,1505
2025-11-18 15:28:00,TSLA,272.06,272.13,271.5,271.63,2811
2025-11-18 15:29:00,TSLA,271.83,271.94,271.62,271.66,3311
2025-11-18 15:30:00,TSLA,271.88,272.27,271.24,271.25,2169
2025-11-18 15:31:00,TSLA,271.39,272.22,271.34,272.11,3240
2025-11-18 15:32:00,TSLA,272.24,272.29,271.48,272.12,4903
2025-11-18 15:33:00,TSLA,274.19,274.96,273.43,273.72,1088
2025-11-18 15:34:00,TSLA,274.39,274.55,273.47,273.77,3523
2025-11-18 15:35:00,TSLA,273.43,273.55,272.84,273.54,2334
2025-11-18 15:36:00,TSLA,274.18,275.05,273.87,274.14,3940
2025-11-18 15:37:00,TSLA,274.22,274.22,273.25,273.47,515
2025-11-18 15:38:00,TSLA,273.54,274.48,273.38,274.43,1316
2025-11-18 15:39:00,TSLA,275.37,276.32,274.83,275.88,1794
2025-11-18 15:40:00,TSLA,275.35,275.62,275.24,275.38,4292
2025-11-18 15:41:00,TSLA,274.99,275.32,274.35,274.4,3775
2025-11-18 15:42:00,TSLA,273.85,274.7,272.86,273.96,2437
2025-11-18 15:43:00,TSLA,272.28,273.09,272.17,272.21,2500
2025-11-18 15:44:00,TSLA,271.59,272.54,271.03,272.5,4683
2025-11-18 15:45:00,TSLA,273.26,274.03,272.44,273.92,4709
2025-11-18 15:46:00,TSLA,273.38,273.81,272.56,273.72,4563
2025-11-18 15:47:00,TSLA,272.79,273.03,272.36,272.55,3824
2025-11-18 15:48:00,TSLA,272.14,272.54,272.13,272.19,4066
2025-11-18 15:49:00,TSLA,273.6,274.57,273.39,273.44,3230
2025-11-18 15:50:00,TSLA,273.77,274.5,272.95,273.99,2531
2025-11-18 15:51:00,TSLA,273.97,274.6,273.22,273.39,1548
2025-11-18 15:52:00,TSLA,274.03,274.34,273.34,273.67,1460
2025-11-18 15:53:00,TSLA,271.09,271.37,270.15,271.33,1437
2025-11-18 15:54:00,TSLA,269.64,270.38,269.36,269.6,2713
2025-11-18 15:55:00,TSLA,268.81,269.36,268.47,268.89,2019
2025-11-18 15:56:00,TSLA,269.42,270.26,269.15,269.81,3518
2025-11-18 15:57:00,TSLA,270.08,270.8,269.91,270.59,2267
2025-11-18 15:58:00,TSLA,270.31,271.28,270.07,270.76,2056
2025-11-18 15:59:00,TSLA,268.24,269.13,267.6,268.93,1365
2025-11-18 16:00:00,TSLA,267.43,268.28,266.6,266.68,1821
